Module 1 - Introduction aux probabilités.tex	STT-1000-Module 1.tex
Module 2 - Variables aléatoires à une dimension.tex	STT-1000-Module 2.tex
Module 3 - Quelques lois de probabilité discrètes.tex	STT-1000-Module 3.tex
Module 4 - Quelques lois de probabilité continues et théorème central limite.tex	STT-1000-Module 4.tex
Module 5 - Lois conjointes pour variables discrètes.tex	STT-1000-Module 5.tex
Module 6 - Statistiques descriptives.tex	STT-1000-Module 6.tex
Module 7 - Estimation ponctuelle et lois échantillonnales.tex	STT-1000-Module 7.tex
Module 8 - Estimation par intervalles de confiance.tex	STT-1000-Module 8.tex
Module 9 - Tests d'hypothèses, partie 1.tex	STT-1000-Module 9-1ech.tex
Module 9 - Tests d'hypothèses, partie 2.tex	STT-1000-Module 9-2ech.tex
Module 10 - Régression linéaire simple.tex	STT-1000-Module 10.tex
